{"bomFormat": "CycloneDX", "specVersion": "1.4", "version": 1, "metadata": {"component": {"type": "library", "bom-ref": "pkg:pypi/pillow@12.1.1?file_name=pillow-12.1.1-cp312-cp312-manylinux_2_27_x86_64.manylinux_2_28_x86_64.whl", "name": "pillow", "version": "12.1.1", "purl": "pkg:pypi/pillow@12.1.1?file_name=pillow-12.1.1-cp312-cp312-manylinux_2_27_x86_64.manylinux_2_28_x86_64.whl"}, "tools": [{"name": "auditwheel", "version": "6.5.0"}]}, "components": [{"type": "library", "bom-ref": "pkg:pypi/pillow@12.1.1?file_name=pillow-12.1.1-cp312-cp312-manylinux_2_27_x86_64.manylinux_2_28_x86_64.whl", "name": "pillow", "version": "12.1.1", "purl": "pkg:pypi/pillow@12.1.1?file_name=pillow-12.1.1-cp312-cp312-manylinux_2_27_x86_64.manylinux_2_28_x86_64.whl"}, {"type": "library", "bom-ref": "pkg:rpm/almalinux/libXau@1.0.9-3.el8#ac77887fa9a50833ff7a34d7e27ebe243468552bc94f6628693cb1dfdaf102e7", "name": "libXau", "version": "1.0.9-3.el8", "purl": "pkg:rpm/almalinux/libXau@1.0.9-3.el8"}], "dependencies": [{"ref": "pkg:pypi/pillow@12.1.1?file_name=pillow-12.1.1-cp312-cp312-manylinux_2_27_x86_64.manylinux_2_28_x86_64.whl", "dependsOn": ["pkg:rpm/almalinux/libXau@1.0.9-3.el8#ac77887fa9a50833ff7a34d7e27ebe243468552bc94f6628693cb1dfdaf102e7"]}, {"ref": "pkg:rpm/almalinux/libXau@1.0.9-3.el8#ac77887fa9a50833ff7a34d7e27ebe243468552bc94f6628693cb1dfdaf102e7"}]}